{
    "train_loss": [
        3.310018940286322,
        2.1226927737758854,
        1.7750441952357217,
        1.6230497108419881,
        1.476868185368213,
        1.393319649719639,
        1.3394826449754038,
        1.3075418267785703,
        1.2328003086741008,
        1.2144346583602774,
        1.2041312661363093,
        1.1684057992019934,
        1.1411182959001143,
        1.0989108885455334,
        1.1009936983332091,
        1.079097533036792,
        1.0510699097635692,
        1.055500402337029,
        1.0488662162252107,
        1.0101865450686733
    ],
    "train_acc": [
        0.25045787545787546,
        0.49664224664224665,
        0.5645604395604396,
        0.5989010989010989,
        0.6285103785103785,
        0.6497252747252747,
        0.6549145299145299,
        0.6619352869352869,
        0.6746031746031746,
        0.681013431013431,
        0.6804029304029304,
        0.6891025641025641,
        0.693986568986569,
        0.7028388278388278,
        0.70497557997558,
        0.7123015873015873,
        0.7123015873015873,
        0.7155067155067155,
        0.7223748473748474,
        0.7281746031746031
    ],
    "val_loss": [
        1.9924361297728672,
        1.4115256738546134,
        1.1416037120562603,
        1.0114562284101192,
        0.9162100533110006,
        0.8500457048999068,
        0.7906072603169747,
        0.7582643625205769,
        0.7226182717857268,
        0.6936297543474398,
        0.6723921689544156,
        0.6625821077444735,
        0.648559575413142,
        0.6443600207202883,
        0.6178156522200569,
        0.6102894621839733,
        0.589121814024769,
        0.568734443712351,
        0.5763217943804771,
        0.5641707581237942
    ],
    "val_acc": [
        0.5550122249388753,
        0.6772616136919315,
        0.7518337408312958,
        0.7689486552567237,
        0.7872860635696821,
        0.812958435207824,
        0.8166259168704156,
        0.823960880195599,
        0.8337408312958435,
        0.8300733496332519,
        0.8349633251833741,
        0.8459657701711492,
        0.8569682151589242,
        0.8447432762836186,
        0.8569682151589242,
        0.8569682151589242,
        0.8581907090464548,
        0.8655256723716381,
        0.8569682151589242,
        0.8545232273838631
    ]
}