{
    "accuracy": [
        0.6245762711864407,
        0.7098870056497175,
        0.7189265536723164,
        0.7381355932203391,
        0.7395480225988701,
        0.7468926553672317,
        0.7638418079096045,
        0.7528248587570622,
        0.7675141242937853,
        0.7581920903954803,
        0.7954802259887006,
        0.8384180790960453,
        0.8423728813559322,
        0.8669491525423729,
        0.8819209039548023,
        0.8838983050847458,
        0.9005649717514125,
        0.9033898305084747,
        0.9112994350282486,
        0.9093220338983051
    ],
    "val_accuracy": [
        0.75,
        0.8500000000000001,
        0.8125,
        0.8875000000000001,
        0.9125000000000001,
        0.875,
        0.875,
        0.875,
        0.875,
        0.8500000000000001,
        0.9,
        0.925,
        0.925,
        0.9375,
        0.925,
        0.925,
        0.925,
        0.9375,
        0.9500000000000001,
        0.9500000000000001
    ],
    "loss": [
        1.2730758583478334,
        1.0104830592365588,
        0.9575060787847487,
        0.8910872077537795,
        0.9181019655055246,
        0.8764271291635805,
        0.8482249773828323,
        0.8661704011556118,
        0.8083176254552636,
        0.8330516821920535,
        0.7363771030458354,
        0.5977882536791139,
        0.5622592690300807,
        0.5141972015806511,
        0.4746716000939493,
        0.43797935934390053,
        0.4002429030035849,
        0.37818293554634697,
        0.3672158655473741,
        0.3657321632918665
    ],
    "val_loss": [
        0.5864753782749176,
        0.47309446334838867,
        0.5081069350242615,
        0.3982944190502167,
        0.424588280916214,
        0.4195376217365265,
        0.42522177696228025,
        0.43125235438346865,
        0.4160117894411087,
        0.42772374749183656,
        0.33748465180397036,
        0.2933360278606415,
        0.2818761646747589,
        0.27468448877334595,
        0.26174429059028625,
        0.2625717520713806,
        0.2342279374599457,
        0.23201771676540375,
        0.2067234367132187,
        0.18599315285682677
    ]
}