{
    "accuracy": [
        0.614406779661017,
        0.7423728813559323,
        0.7389830508474576,
        0.7615819209039548,
        0.7720338983050847,
        0.7728813559322034,
        0.7759887005649718,
        0.7751412429378531,
        0.7940677966101696,
        0.8254237288135593,
        0.8525423728813559,
        0.8675141242937854,
        0.8819209039548023,
        0.896045197740113,
        0.9067796610169492,
        0.9093220338983051,
        0.9163841807909605,
        0.9242937853107345,
        0.9189265536723165,
        0.938135593220339,
        0.9392655367231639
    ],
    "val_accuracy": [
        0.8625,
        0.875,
        0.9,
        0.8875000000000001,
        0.8875000000000001,
        0.9,
        0.8875000000000001,
        0.8500000000000001,
        0.925,
        0.9375,
        0.9500000000000001,
        0.9375,
        0.9375,
        0.9625,
        0.9625,
        0.9625,
        0.9625,
        0.9625,
        0.9625,
        0.9625,
        0.9625
    ],
    "loss": [
        1.3046640012223842,
        0.9185106546865345,
        0.8895689476681294,
        0.8272332551789149,
        0.7948674793297288,
        0.7956581571007852,
        0.7611467983763097,
        0.7654601781381726,
        0.7203878501040787,
        0.6232221001959116,
        0.5762642567440615,
        0.5365922552717608,
        0.48716372877864517,
        0.4489585749847067,
        0.4152297337849935,
        0.4116465883403175,
        0.39193104653708677,
        0.36559678248766453,
        0.38247692584991455,
        0.3291568336177007,
        0.3263196477782255
    ],
    "val_loss": [
        0.5619882941246033,
        0.4881724715232849,
        0.3902730345726013,
        0.39627944827079775,
        0.3815483391284943,
        0.3438744187355042,
        0.35194981694221494,
        0.3790253698825836,
        0.3073850393295288,
        0.2876922428607941,
        0.2507695972919464,
        0.2448490619659424,
        0.23798357844352722,
        0.22520632445812225,
        0.22215688824653626,
        0.23151348829269408,
        0.20490992367267608,
        0.2087353438138962,
        0.1840503066778183,
        0.18625015020370483,
        0.17694016695022582
    ]
}