{
    "accuracy": [
        0.5889830508474576,
        0.7053672316384181,
        0.7254237288135593,
        0.7449152542372882,
        0.7457627118644068,
        0.7350282485875707,
        0.7514124293785311,
        0.7579096045197741,
        0.7641242937853108,
        0.7556497175141244,
        0.7533898305084746,
        0.7607344632768361,
        0.748587570621469,
        0.7709039548022599,
        0.8036723163841808,
        0.8288135593220339,
        0.8240112994350283,
        0.856497175141243,
        0.8398305084745763,
        0.8573446327683616,
        0.8621468926553673,
        0.8598870056497175,
        0.865819209039548,
        0.8734463276836159,
        0.8810734463276837,
        0.8861581920903955,
        0.8903954802259887
    ],
    "val_accuracy": [
        0.8375,
        0.8375,
        0.8625,
        0.8250000000000001,
        0.8375,
        0.8625,
        0.8250000000000001,
        0.8875000000000001,
        0.8875000000000001,
        0.875,
        0.875,
        0.8625,
        0.875,
        0.9125000000000001,
        0.925,
        0.9,
        0.9125000000000001,
        0.925,
        0.9125000000000001,
        0.9375,
        0.925,
        0.9375,
        0.9375,
        0.9375,
        0.925,
        0.9375,
        0.9375
    ],
    "loss": [
        1.3675191332391425,
        1.0348340796885518,
        0.9624164866862324,
        0.9088018191062798,
        0.9058403936483093,
        0.9155696824445563,
        0.863280930492164,
        0.870384986589184,
        0.8398575003537755,
        0.8543513078474055,
        0.8539676868309409,
        0.8382981762374189,
        0.8770513574955827,
        0.7947910681282733,
        0.7053446543418755,
        0.6531116760383218,
        0.6530725106007635,
        0.590609107044457,
        0.615426071282834,
        0.5775797889731025,
        0.5625502437858259,
        0.5464665143503308,
        0.5470576786388786,
        0.5224514629207762,
        0.501118382154885,
        0.49404276474721015,
        0.4837484794821443
    ],
    "val_loss": [
        0.5863082885742188,
        0.5293644905090332,
        0.4528221249580383,
        0.518499493598938,
        0.5238738656044006,
        0.4430482923984528,
        0.4678971469402313,
        0.4348812401294708,
        0.4499776363372803,
        0.4290622115135193,
        0.44183180332183836,
        0.44050129055976867,
        0.45367537140846254,
        0.3557010114192963,
        0.3329530954360962,
        0.32787020206451417,
        0.2982282698154449,
        0.28603110909461976,
        0.276907879114151,
        0.2773082673549652,
        0.25766688883304595,
        0.24887833893299102,
        0.2326069414615631,
        0.24624130725860596,
        0.23383265137672424,
        0.2250261902809143,
        0.22015229165554046
    ]
}